<?xml version="1.0" encoding="UTF-8"?>
<Subsystem xmlns:xsi="http://www.w3.org/2001/XMLSchema-instance"
    xmlns:xi="http://www.w3.org/2001/XInclude"
    xsi:noNamespaceSchemaLocation="../../Schemas/Subsystem.xsd"
    Name="defaulthda" Type="ALSA"
    Mapping="Card:PCH,Debug">

    <!--
	The structure of the audio codec is as follows
    /Audio/defaulthda/output/
                          switch
                          volume
    /Audio/defaulthda/input/
                         switch
                         volume

    The component names can be arbitrary, they will be mapped in the tuning
    files
    
    The order of the declarations does matter, the types need to be defined
    before being instanciated and the file is organized from leaf nodes
    to root. In this example, there are separate volumes for speaker and
    headset but they use a common master volume. For the time being the
    "Internal Mic Boost Volume" and "Mic Boost Volume" are not used
    
    The syntax Amend:string along with the %n notation is a replace operation
    to avoid duplication
    The ArrayLength is linked to the number of elements of the control,
    it can be omitted when there is a single value. The Size is an internal
    parameter framework representation but needs to be able to store the
    largest control value.
    -->
    
    <ComponentLibrary>
        <!-- Outputs -->
        <ComponentType Name="OutputNodes">
            <BooleanParameter Name="switch" Mapping="Control:'Master Playback Switch'"/>
            <IntegerParameter Name="volume" Size="8" Signed="false" Min="0" Max="63" Mapping="Control:'Master Playback Volume'"/>
        </ComponentType>
        <!-- Inputs -->
        <ComponentType Name="CaptureNode">
            <BooleanParameter Name="switch" ArrayLength="2" Mapping="Control:'Capture Switch'"/>
            <IntegerParameter Name="volume" Size="8" Signed="false" Min="0" Max="63" ArrayLength="2" Mapping="Control:'Capture Volume'"/>
        </ComponentType>
        <ComponentType Name="InputNodes">
            <Component Name="mic_headset" Type="CaptureNode"/>
        </ComponentType>
    </ComponentLibrary>

    <InstanceDefinition>
        <Component Name="output" Type="OutputNodes"/>
        <Component Name="input" Type="InputNodes"/>
    </InstanceDefinition>
</Subsystem>
