<?xml version="1.0" encoding="UTF-8"?>
<Subsystem xmlns:xsi="http://www.w3.org/2001/XMLSchema-instance"
    xmlns:xi="http://www.w3.org/2001/XInclude"
    xsi:noNamespaceSchemaLocation="../../Schemas/Subsystem.xsd"
    Name="hdmi" Type="ALSA"
    Mapping="Card:PCH,Debug">

   <ComponentLibrary>
        <!-- Outputs -->
        <ComponentType Name="HdmiNode">
            <BooleanParameter Name="switch" Mapping="Control:'IEC958 Playback Switch'"/>
        </ComponentType>

        <ComponentType Name="OutputNode">
            <Component Name="port0" Type="HdmiNode"/>
        </ComponentType>
   </ComponentLibrary>

    <InstanceDefinition>
        <Component Name="output" Type="OutputNode"/>
    </InstanceDefinition>
</Subsystem>
