<?xml version="1.0" encoding="UTF-8"?>
<ParameterFrameworkConfiguration xmlns:xsi="http://www.w3.org/2001/XMLSchema-instance" xsi:noNamespaceSchemaLocation="Schemas/ParameterFrameworkConfiguration.xsd"
    SystemClassName="Audio" ServerPort="5000" TuningAllowed="true">
    <SubsystemPlugins>
        <Location Folder="">
            <Plugin Name="libtinyalsa-subsystem.so"/>
        </Location>
    </SubsystemPlugins>
    <StructureDescriptionFileLocation Path="Structure/Audio/AudioClass.xml"/>
    <SettingsConfiguration>
        <ConfigurableDomainsFileLocation Path="Settings/Audio/AudioConfigurableDomains.xml"/>
    </SettingsConfiguration>
</ParameterFrameworkConfiguration>
