<mixer>
  <!-- These are the initial mixer settings -->
  <ctl name="Master Playback Volume" value="87" />
  <ctl name="Master Playback Switch" value="1" />
  <ctl name="Headphone Playback Switch" value="0 0" />
  <ctl name="Speaker Playback Switch" value="0 0" />
  <ctl name="Capture Switch" value="0 0" />

  <path name="speaker">
    <ctl name="Master Playback Switch" value="1" />
    <ctl name="Speaker Playback Switch" value="1 1" />
  </path>

  <path name="headphone">
    <ctl name="Master Playback Switch" value="1" />
    <ctl name="Headphone Playback Switch" value="1 1" />
  </path>

  <path name="main-mic">
    <ctl name="Capture Switch" value="1 1" />
    <ctl name="Capture Volume" value="74 74" />
    <ctl name="Capture Source" value="Internal Mic" />
  </path>

  <path name="headset-mic">
    <ctl name="Capture Switch" value="1 1" />
    <ctl name="Capture Volume" value="63 63" />
    <ctl name="Capture Source" value="Headset Mic" />
  </path>
</mixer>
