<?xml version="1.0" encoding="UTF-8"?>
<!-- Copyright (C) 2015 The Android Open Source Project

     Licensed under the Apache License, Version 2.0 (the "License");
     you may not use this file except in compliance with the License.
     You may obtain a copy of the License at

          http://www.apache.org/licenses/LICENSE-2.0

     Unless required by applicable law or agreed to in writing, software
     distributed under the License is distributed on an "AS IS" BASIS,
     WITHOUT WARRANTIES OR CONDITIONS OF ANY KIND, either express or implied.
     See the License for the specific language governing permissions and
     limitations under the License.
-->
<!-- HDMI Audio HAL Audio Policy Configuration file -->

<module name="hdmi" halVersion="2.0">
    <mixPorts>
        <mixPort name="hdmi_stereo" role="source">
            <profile name="" format="AUDIO_FORMAT_PCM_16_BIT"
                     samplingRates="48000" />
        </mixPort>
        <mixPort name="hdmi_multi" role="source" flags="AUDIO_OUTPUT_FLAG_DIRECT">
            <profile name="" format="AUDIO_FORMAT_PCM_16_BIT"
                     samplingRates="48000" />
        </mixPort>
    </mixPorts>
    <devicePorts>
        <devicePort tagName="HDMI" type="AUDIO_DEVICE_OUT_LINE" role="sink">
            <profile name="" format="AUDIO_FORMAT_PCM_16_BIT"
                     samplingRates="48000" channelMasks="AUDIO_CHANNEL_OUT_STEREO"/>

            <profile name="" format="AUDIO_FORMAT_PCM_16_BIT"
                     samplingRates="32000,44100,48000"/>
        </devicePort>
        <devicePort tagName="HDMI_2" type="AUDIO_DEVICE_OUT_HDMI" role="sink">
            <profile name="" format="AUDIO_FORMAT_PCM_16_BIT"
                     samplingRates="48000" channelMasks="AUDIO_CHANNEL_OUT_STEREO"/>

            <profile name="" format="AUDIO_FORMAT_PCM_16_BIT"
                     samplingRates="32000,44100,48000"/>
        </devicePort>
 
    </devicePorts>
    <routes>
        <route type="mix" sink="HDMI"
               sources="hdmi_stereo,hdmi_multi"/>
     <route type="mix" sink="HDMI_2"
               sources="hdmi_stereo,hdmi_multi"/>
    </routes>
</module>
