<?xml version="1.0" encoding="UTF-8"?>
<!-- Copyright (C) 2016 The Android Open Source Project

     Licensed under the Apache License, Version 2.0 (the "License");
     you may not use this file except in compliance with the License.
     You may obtain a copy of the License at

          http://www.apache.org/licenses/LICENSE-2.0

     Unless required by applicable law or agreed to in writing, software
     distributed under the License is distributed on an "AS IS" BASIS,
     WITHOUT WARRANTIES OR CONDITIONS OF ANY KIND, either express or implied.
     See the License for the specific language governing permissions and
     limitations under the License.
-->
<!-- Remote Submix Audio Policy Configuration file -->
<module name="r_submix" halVersion="2.0">
    <attachedDevices>
        <item>Remote Submix In</item>
    </attachedDevices>
    <mixPorts>
        <mixPort name="r_submix output" role="source">
            <profile name="" format="AUDIO_FORMAT_PCM_16_BIT"
                     samplingRates="48000" channelMasks="AUDIO_CHANNEL_OUT_STEREO"/>
        </mixPort>
        <mixPort name="r_submix input" role="sink">
           <profile name="" format="AUDIO_FORMAT_PCM_16_BIT"
                    samplingRates="48000" channelMasks="AUDIO_CHANNEL_IN_STEREO"/>
        </mixPort>
   </mixPorts>
   <devicePorts>
       <devicePort tagName="Remote Submix Out" type="AUDIO_DEVICE_OUT_REMOTE_SUBMIX"  role="sink">
           <profile name="" format="AUDIO_FORMAT_PCM_16_BIT"
                    samplingRates="48000" channelMasks="AUDIO_CHANNEL_OUT_STEREO"/>
       </devicePort>
       <devicePort tagName="Remote Submix In" type="AUDIO_DEVICE_IN_REMOTE_SUBMIX"  role="source">
           <profile name="" format="AUDIO_FORMAT_PCM_16_BIT"
                    samplingRates="48000" channelMasks="AUDIO_CHANNEL_IN_STEREO"/>
        </devicePort>
    </devicePorts>
    <routes>
        <route type="mix" sink="Remote Submix Out"
               sources="r_submix output"/>
        <route type="mix" sink="r_submix input"
               sources="Remote Submix In"/>
    </routes>
</module>
