<?xml version="1.0" encoding="utf-8" ?>
<!-- Copyright 2015 The Android Open Source Project

     Licensed under the Apache License, Version 2.0 (the "License");
     you may not use this file except in compliance with the License.
     You may obtain a copy of the License at

          http://www.apache.org/licenses/LICENSE-2.0

     Unless required by applicable law or agreed to in writing, software
     distributed under the License is distributed on an "AS IS" BASIS,
     WITHOUT WARRANTIES OR CONDITIONS OF ANY KIND, either express or implied.
     See the License for the specific language governing permissions and
     limitations under the License.
-->

<MediaCodecs>
    <Decoders>
        <MediaCodec name="c2.android.h263.decoder" type="video/3gpp" update="true">
            <Limit name="measured-frame-rate-176x144" range="600-2224" />
            <Limit name="measured-frame-rate-352x288" range="450-1708" />
        </MediaCodec>
        <MediaCodec name="c2.android.avc.decoder" type="video/avc" update="true">
            <Limit name="measured-frame-rate-320x240" range="530-590" />
            <Limit name="measured-frame-rate-720x480" range="170-571" />
            <Limit name="measured-frame-rate-1280x720" range="50-207" />
            <Limit name="measured-frame-rate-1920x1080" range="20-95" />
        </MediaCodec>
        <MediaCodec name="c2.android.hevc.decoder" type="video/hevc" update="true">
            <Limit name="measured-frame-rate-352x288" range="450-510" />
            <Limit name="measured-frame-rate-640x360" range="320-778" />
            <Limit name="measured-frame-rate-720x480" range="241-614" />
            <Limit name="measured-frame-rate-1280x720" range="181-366" />
            <Limit name="measured-frame-rate-1920x1080" range="60-249" />
        </MediaCodec>
        <MediaCodec name="c2.android.mpeg4.decoder" type="video/mp4v-es" update="true">
            <Limit name="measured-frame-rate-176x144" range="600-2933" />
        </MediaCodec>
        <MediaCodec name="c2.android.vp8.decoder" type="video/x-vnd.on2.vp8" update="true">
            <Limit name="measured-frame-rate-320x180" range="860-930" />
            <Limit name="measured-frame-rate-640x360" range="290-320" />
            <Limit name="measured-frame-rate-1280x720" range="65-231" />
            <Limit name="measured-frame-rate-1920x1080" range="25-93" />
        </MediaCodec>
        <MediaCodec name="c2.android.vp9.decoder" type="video/x-vnd.on2.vp9" update="true">
            <Limit name="measured-frame-rate-320x180" range="530-600" />
            <Limit name="measured-frame-rate-640x360" range="220-330" />
            <Limit name="measured-frame-rate-1280x720" range="80-170" />
            <Limit name="measured-frame-rate-1920x1080" range="50-267" />
        </MediaCodec>
        <MediaCodec name="OMX.Intel.hw_vd.h264" type="video/avc" update="true">
            <Limit name="measured-frame-rate-320x240" range="1500-2000" />
            <Limit name="measured-frame-rate-720x480" range="1000-2000" />
            <Limit name="measured-frame-rate-1280x720" range="460-900" />
            <Limit name="measured-frame-rate-1920x1088" range="320-390" />
        </MediaCodec>
        <MediaCodec name="OMX.Intel.hw_vd.h265" type="video/hevc" update="true">
            <Limit name="measured-frame-rate-352x288" range="1200-1250" />
            <Limit name="measured-frame-rate-640x360" range="1000-1400" />
            <Limit name="measured-frame-rate-720x480" range="820-1020" />
            <Limit name="measured-frame-rate-1280x720" range="540-580" />
            <Limit name="measured-frame-rate-1920x1080" range="430-470" />
            <Limit name="measured-frame-rate-3840x2160" range="120-130" />
        </MediaCodec>
        <MediaCodec name="OMX.Intel.hw_vd.vp8" type="video/x-vnd.on2.vp8" update="true">
            <Limit name="measured-frame-rate-320x180" range="700-3444" />
            <Limit name="measured-frame-rate-640x360" range="400-950" />
            <Limit name="measured-frame-rate-1280x720" range="150-600" />
            <Limit name="measured-frame-rate-1920x1080" range="100-330" />
        </MediaCodec>
        <MediaCodec name="OMX.Intel.hw_vd.vp9" type="video/x-vnd.on2.vp9" update="true">
            <Limit name="measured-frame-rate-320x180" range="1300-1800" />
            <Limit name="measured-frame-rate-640x360" range="500-1300" />
            <Limit name="measured-frame-rate-1280x720" range="560-590" />
            <Limit name="measured-frame-rate-1920x1080" range="350-420" />
            <Limit name="measured-frame-rate-3840x2160" range="100-130" />
        </MediaCodec>
    </Decoders>
    <Encoders>
        <MediaCodec name="c2.android.avc.encoder" type="video/avc" update="true">
            <Limit name="measured-frame-rate-320x240" range="450-530" />
            <Limit name="measured-frame-rate-720x480" range="150-462" />
            <Limit name="measured-frame-rate-1280x720" range="75-165" />
            <Limit name="measured-frame-rate-1920x1080" range="30-94" />
        </MediaCodec>
        <MediaCodec name="c2.android.hevc.encoder" type="video/hevc" update="true">
            <Limit name="measured-frame-rate-320x240" range="25-55" />
        </MediaCodec>
        <MediaCodec name="c2.android.h263.encoder" type="video/3gpp" update="true">
            <Limit name="measured-frame-rate-176x144" range="800-2367" />
        </MediaCodec>
        <MediaCodec name="c2.android.mpeg4.encoder" type="video/mp4v-es" update="true">
            <Limit name="measured-frame-rate-176x144" range="750-996" />
        </MediaCodec>
        <MediaCodec name="c2.android.vp8.encoder" type="video/x-vnd.on2.vp8" update="true">
            <Limit name="measured-frame-rate-320x180" range="150-300" />
            <Limit name="measured-frame-rate-640x360" range="95-150" />
            <Limit name="measured-frame-rate-1280x720" range="32-38" />
            <Limit name="measured-frame-rate-1920x1080" range="22-25" />
        </MediaCodec>
        <MediaCodec name="c2.android.vp9.encoder" type="video/x-vnd.on2.vp9" update="true">
            <Limit name="measured-frame-rate-320x180" range="96-106" />
            <Limit name="measured-frame-rate-640x360" range="39-39" />
            <Limit name="measured-frame-rate-1280x720" range="7-9" />
        </MediaCodec>
        <MediaCodec name="OMX.Intel.hw_ve.h264" type="video/avc" update="true">
            <Limit name="measured-frame-rate-320x240" range="260-500" />
            <Limit name="measured-frame-rate-720x480" range="140-160" />
            <Limit name="measured-frame-rate-1280x720" range="75-110" />
            <Limit name="measured-frame-rate-1920x1080" range="50-55" />
        </MediaCodec>
        <MediaCodec name="OMX.Intel.hw_ve.h265" type="video/hevc" update="true">
            <Limit name="measured-frame-rate-320x240" range="200-400" />
            <Limit name="measured-frame-rate-720x480" range="120-160" />
            <Limit name="measured-frame-rate-1280x720" range="70-90" />
            <Limit name="measured-frame-rate-1920x1080" range="35-45" />
            <Limit name="measured-frame-rate-3840x2160" range="10-14" />
        </MediaCodec>
    </Encoders>
</MediaCodecs>
