<?xml version="1.0" encoding="UTF-8" ?>
<!-- Copyright (C) 2017-2018 Intel Corporation.

     Licensed under the Apache License, Version 2.0 (the "License");
     you may not use this file except in compliance with the License.
     You may obtain a copy of the License at

          http://www.apache.org/licenses/LICENSE-2.0

     Unless required by applicable law or agreed to in writing, software
     distributed under the License is distributed on an "AS IS" BASIS,
     WITHOUT WARRANTIES OR CONDITIONS OF ANY KIND, either express or implied.
     See the License for the specific language governing permissions and
     limitations under the License.
-->

<ExternalCamera>
    <Provider>
        <ignore> <!-- Internal video devices to be ignored by external camera HAL -->
        </ignore>
    </Provider>
    <!-- See ExternalCameraUtils.cpp for default values of Device configurations below
-->
    <Device>
        <!-- Max JPEG buffer size in bytes-->
        <MaxJpegBufferSize bytes="3145728"/> <!-- 3MB (~= 1080p YUV420) -->
        <!-- Size of v4l2 buffer queue when streaming >= 30fps -->
        <!-- Larger value: more request can be cached pipeline (less janky)  -->
        <!-- Smaller value: use less memory -->
        <NumVideoBuffers count="8"/>
        <!-- Size of v4l2 buffer queue when streaming < 30fps -->
        <NumStillBuffers count="2"/>

        <!-- List of maximum fps for various output sizes -->
        <!-- Any image size smaller than the size listed in Limit row will report
            fps (as minimum frame duration) up to the fpsBound value. -->
        <FpsList>
            <!-- width/height must be increasing, fpsBound must be decreasing-->
            <Limit width="640" height="480" fpsBound="60.0"/>
            <Limit width="720" height="480" fpsBound="60.0"/>
            <Limit width="960" height="560" fpsBound="60.0"/>
            <Limit width="1280" height="720" fpsBound="60.0"/>
            <Limit width="1920" height="1080" fpsBound="60.0"/>
            <Limit width="3840" height="2160" fpsBound="30.0"/>
            <Limit width="4096" height="2160" fpsBound="30.0"/>
            <!-- image size larger than the last entry will not be supported-->
        </FpsList>
    </Device>
</ExternalCamera>
