<?xml version="1.0" encoding="UTF-8"?>
<!--  Copyright (C) 2017 Intel

 Licensed under the Apache License, Version 2.0 (the "License");
 you may not use this file except in compliance with the License.
 You may obtain a copy of the License at

      http://www.apache.org/licenses/LICENSE-2.0


 Unless required by applicable law or agreed to in writing, software
 distributed under the License is distributed on an "AS IS" BASIS,
 WITHOUT WARRANTIES OR CONDITIONS OF ANY KIND, either express or implied.
 See the License for the specific language governing permissions and
 limitations under the License.
-->
<criteria>
    <criterion name="SelectedOutputDevices" type="OutputDevicesMaskType" default="none" parameter="output_devices"/>
    <criterion name="InputSources" type="InputSourcesType" default="none" parameter="input_sources"/>
    <criterion name="MicMuted" type="BooleanType" default="False" parameter="mic_mute" mapping="false:False,true:True"/>
    <criterion name="TtyDirection" type="TtyDirectionType" default="none" parameter="tty_mode"
               mapping="tty_off:none,tty_vco:Downlink,tty_hco:Uplink,tty_full:Downlink|Uplink"/>
    <criterion name="ScreenState" type="BooleanType" default="False" parameter="screen_state" mapping="off:False,on:True"/>
    <criterion name="BtHeadsetBandType" type="BandType" default="NB" parameter="bt_wbs" mapping="off:NB,on:WB"/>
    <criterion name="PreProcEnabled" type="PreProcessingType" default="none" parameter="pre_proc_requested"/>
    <criterion name="ScreenRotation" type="ScreenRotationType" default="0" parameter="rotation"/>
    <criterion name="HacSelected" type="BooleanType" default="False" parameter="HACSetting"
               mapping="OFF:False,ON:True"/>
    <criterion name="A2dpSuspended" type="BooleanType" default="False" parameter="A2dpSuspended"
               mapping="false:False,true:True"/>
    <criterion name="HfpClientBandType" type="BandType" default="Unknown" parameter="hfp_set_sampling_rate"
               mapping="8000:NB,16000:WB"/>
    <criterion name="SelectedInputDevices" type="InputDevicesMaskType" default="none" parameter="input_devices"/>
    <criterion name="OutputFlags" type="OutputFlagsType" default="none" parameter="output_flags"/>
    <criterion name="InputFlags" type="InputFlagsType" default="none" parameter="input_flags"/>
    <criterion name="Mode" type="AndroidModeType" default="Normal" parameter="android_mode"/>
    <criterion name="VoIPBandType" type="BandType" default="NB" parameter="voip_band_type"/>
    <criterion name="FmEnabled" type="BooleanType" default="False" parameter="route-fm"
               mapping="off:False,speaker:True,headset:True"/>
    <criterion name="HfpClientEnable" type="BooleanType" default="False" parameter="hfp_enable"
               mapping="false:False,true:True"/>
    <criterion name="OutputDeviceAddresses" type="OutputDeviceAddressType" default="none" parameter="output_device_addresses"/>
    <criterion name="InputDeviceAddresses" type="InputDeviceAddressType" default="none" parameter="input_device_addresses"/>
    <criterion name="RoutageState" type="RoutingStageType" default="Flow|PostPath|StreamPath|Path|Configure"/>
    <criterion name="OpenedCaptureRoutes" type="RouteCaptureType" default="none"/>
    <criterion name="OpenedPlaybackRoutes" type="RoutePlaybackType" default="none"/>
    <criterion name="BtHeadsetNrEc" type="BooleanType" default="False" parameter="bt_headset_nrec"
               mapping="off:True,on:False"/>
</criteria>
